{
    "title": "LISA Constants",
    "upload_type": "software",
    "language": "eng",
    "access_right": "open",
    "license": "BSD-3-Clause",
    "communities": [
        {
            "identifier": "lisa-consortium"
        },
        {
            "identifier": "zenodo"
        }
    ],
    "creators": [
        {
            "affiliation": "University of Glasgow",
            "name": "Bayle, Jean-Baptiste",
            "orcid": "0000-0001-7629-6555"
        },
        {
            "affiliation": "Universit\u00e9 Paris Cit\u00e9, CNRS, Astroparticule et Cosmologie",
            "name": "Le Jeune, Maude",
            "orcid": "0000-0002-1008-3394"
        },
        {
            "affiliation": "SYRTE, Observatoire de Paris",
            "name": "Hees, Aur\u00e9lien",
            "orcid": "0000-0002-2186-644X"
        }
    ],
    "description": "<p>LISA Constants is a Python package that provides&nbsp;values sanctioned by the LISA Consortium for physical constants and mission parameters. LISA Constants is intended to be consistently used by other pieces of software related to the simulation of the instrument, of gravitational wave signals, and others.</p>",
    "keywords": [
        "LISA",
        "Constants"
    ]
}
